№ п.п.,Адрес,Год постройки,Материал крыши,Материал стен,Износ  дома в процентах,Число этажей,Количество подъездов,Количество лифтов,Количество систем ДУ и ППА,Количество мусоропроводов,Количество газовых плит,Количество электроплит,Количество квартир,Площадь жилая,Площадь нежилая,Площадь лестничных клеток,Площадь крыши,Площадь подвалов ,Площадь чердака
1,"Алтайская ул., д.2",1967.0,Мягкая,кирпич,28.0,9.0,8.0,8.0,0.0,8.0,288.0,0.0,288.0,12764.9,0.0,1227.4,2236.0,1999.0,1999.0
2,"Алтайская ул., д.5",1980.0,Мягкая,блочный,20.0,16.0,1.0,2.0,1.0,1.0,0.0,111.0,111.0,5359.3,0.0,897.0,533.0,489.4,489.4
3,"Алтайская ул., д.6",1967.0,Мягкая,блочный,26.0,12.0,1.0,2.0,1.0,1.0,84.0,0.0,84.0,3645.7,0.0,494.0,467.0,424.0,424.0
4,"Алтайская ул., д.7",1979.0,Мягкая,блочный,17.0,16.0,2.0,4.0,2.0,2.0,0.0,207.0,207.0,10783.5,0.0,1872.0,1159.0,971.5,971.5
5,"Алтайская ул., д.8",1967.0,Мягкая,блочный,30.0,12.0,1.0,2.0,1.0,1.0,81.0,0.0,81.0,3495.7,172.9,501.0,467.0,425.0,425.0
6,"Алтайская ул., д.9, к.1",1978.0,Мягкая,панельный,15.0,9.0,8.0,8.0,0.0,8.0,0.0,287.0,287.0,14238.7,0.0,1247.0,2515.0,2110.4,2110.4
7,"Алтайская ул., д.9, к.2",1980.0,Мягкая,блочный,13.0,16.0,1.0,2.0,1.0,1.0,0.0,105.0,105.0,5044.3,262.9,927.0,663.0,543.4,543.4
8,"Алтайская ул., д.10",1969.0,Мягкая,панельный,19.0,9.0,8.0,8.0,0.0,8.0,286.0,0.0,287.0,14201.1,0.0,1688.0,2288.0,2079.9,2079.9
9,"Алтайская ул., д.11",1978.0,Мягкая,панельный,15.0,9.0,4.0,4.0,0.0,4.0,0.0,144.0,144.0,7223.3,0.0,742.0,1323.0,1056.0,1056.0
10,"Алтайская ул., д.14",1968.0,Мягкая,блочный,24.0,12.0,1.0,2.0,1.0,1.0,84.0,0.0,84.0,3660.0,0.0,498.0,492.0,419.8,419.8
11,"Алтайская ул., д.15",1978.0,Мягкая,панельный,16.0,9.0,4.0,4.0,0.0,4.0,0.0,144.0,144.0,7165.3,0.0,723.0,1323.0,1056.3,1056.3
12,"Алтайская ул., д.16",1967.0,Мягкая,блочный,26.0,12.0,1.0,2.0,1.0,1.0,84.0,0.0,84.0,3627.5,0.0,506.0,492.0,421.4,421.4
13,"Алтайская ул., д.17, к.1",1980.0,Мягкая,панельный,20.0,9.0,8.0,8.0,0.0,8.0,0.0,285.0,285.0,14024.7,105.7,1701.0,2623.0,2144.8,2144.8
14,"Алтайская ул., д.18",1970.0,Мягкая,панельный,22.0,9.0,8.0,8.0,0.0,8.0,286.0,0.0,286.0,14171.4,33.3,1647.0,2495.0,1078.0,1078.0
15,"Алтайская ул., д.19",1977.0,Мягкая,панельный,15.0,9.0,4.0,4.0,0.0,4.0,0.0,144.0,144.0,7074.79,0.0,699.0,1346.0,1086.3,1086.3
16,"Алтайская ул., д.20",2003.0,Мягкая,панельный,5.6,17.0,2.0,4.0,2.0,2.0,0.0,135.0,135.0,7569.5,0.0,505.0,766.0,616.7,616.7
17,"Алтайская ул., д.22",1968.0,Мягкая,блочный,32.0,12.0,1.0,2.0,1.0,1.0,84.0,0.0,84.0,3624.9,0.0,502.0,469.0,308.0,439.0
18,"Алтайская ул., д.24",1968.0,Мягкая,блочный,34.0,12.0,1.0,2.0,1.0,1.0,84.0,0.0,84.0,3622.3,0.0,499.0,465.0,305.0,435.0
19,"Алтайская ул., д.26",1968.0,Мягкая,кирпич,34.0,9.0,10.0,10.0,0.0,10.0,357.0,0.0,360.0,16231.1,0.0,2193.0,2752.0,2502.0,2502.0
20,"Алтайская ул., д.29",1973.0,Мягкая,панельный,22.0,9.0,6.0,6.0,0.0,6.0,214.0,0.0,214.0,10255.0,43.1,1174.0,1747.0,1486.0,1486.0
21,"Алтайская ул., д.31",1973.0,Мягкая,панельный,22.0,9.0,6.0,6.0,0.0,6.0,216.0,0.0,216.0,10402.2,0.0,1158.0,1716.0,1486.0,1755.0
22,"Алтайская ул., д.32",1979.0,Мягкая,панельный,17.0,9.0,8.0,8.0,0.0,8.0,0.0,288.0,288.0,14040.5,0.0,1563.0,2322.0,2096.0,2096.0
23,"Амурская ул., д.8",1965.0,Мягкая,панельный,37.0,5.0,7.0,0.0,0.0,0.0,140.0,0.0,140.0,6072.05,0.0,635.0,1725.0,1568.0,1568.0
24,"Амурская ул., д.10",1965.0,Мягкая,панельный,26.0,5.0,5.0,0.0,0.0,0.0,100.0,0.0,100.0,4477.5,0.0,488.0,1252.0,1138.0,1138.0
25,"Амурская ул., д.14",1965.0,Мягкая,панельный,41.0,5.0,7.0,0.0,0.0,0.0,137.0,0.0,137.0,5937.4,117.3,635.0,1717.0,1560.0,1560.0
26,"Амурская ул., д.16, к.1",1965.0,Мягкая,панельный,34.0,5.0,5.0,0.0,0.0,0.0,100.0,0.0,100.0,4466.8,0.0,458.0,1256.0,1141.0,1141.0
27,"Амурская ул., д.19",1958.0,Металл,кирпич,48.0,4.0,3.0,0.0,0.0,0.0,30.0,0.0,30.0,2095.1,1368.4,308.0,1230.0,983.6,983.6
28,"Амурская ул., д.20",1965.0,Мягкая,панельный,36.0,5.0,7.0,0.0,0.0,0.0,140.0,0.0,140.0,6071.57,0.0,659.0,1724.0,901.0,901.0
29,"Амурская ул., д.21, к.1",1959.0,Металл,кирпич,37.0,4.0,3.0,0.0,0.0,0.0,38.0,0.0,39.0,2639.7,777.2,320.0,1180.0,943.7,943.7
30,"Амурская ул., д.21, к.2",1961.0,Металл,кирпич,28.0,4.0,4.0,0.0,0.0,0.0,64.0,0.0,64.0,2551.7,0.0,244.0,1118.0,77.1,859.8
31,"Амурская ул., д.21, к.3",1964.0,Мягкая,кирпич,30.0,5.0,4.0,0.0,0.0,0.0,74.0,0.0,74.0,3135.7,251.4,352.0,1016.0,923.5,923.5
32,"Амурская ул., д.22, к.1",1965.0,Мягкая,панельный,34.0,5.0,5.0,0.0,0.0,0.0,100.0,0.0,100.0,4335.69,0.0,386.0,1252.0,1138.0,1138.0
33,"Амурская ул., д.23, к.1",1964.0,Мягкая,кирпич,24.0,5.0,4.0,0.0,0.0,0.0,80.0,0.0,80.0,3435.2,0.0,340.0,1025.0,925.0,925.0
34,"Амурская ул., д.23, к.2",1967.0,Мягкая,панельный,26.0,5.0,4.0,0.0,0.0,0.0,80.0,0.0,80.0,3507.55,0.0,365.0,995.0,905.0,905.0
35,"Амурская ул., д.23, к.3",1962.0,Металл,кирпич,34.0,4.0,4.0,0.0,0.0,0.0,64.0,0.0,64.0,2529.5,0.0,251.0,1016.0,84.5,858.2
36,"Амурская ул., д.25, к.1",1961.0,Металл,кирпич,38.0,5.0,6.0,0.0,0.0,0.0,106.0,0.0,106.0,4357.9,637.5,548.0,1695.0,1361.0,1361.0
37,"Амурская ул., д.25, к.3",1965.0,Мягкая,кирпич,24.0,5.0,3.0,0.0,0.0,0.0,60.0,0.0,60.0,2453.4,0.0,239.0,748.0,679.8,679.8
38,"Амурская ул., д.26",1966.0,Мягкая,панельный,36.0,5.0,4.0,0.0,0.0,0.0,80.0,0.0,80.0,3513.4,0.0,361.0,993.0,902.0,902.0
39,"Амурская ул., д.27",1963.0,Мягкая,кирпич,39.0,5.0,4.0,0.0,0.0,0.0,80.0,0.0,80.0,3414.7,94.0,404.0,1014.0,922.1,922.1
40,"Амурская ул., д.28",1966.0,Мягкая,панельный,35.0,5.0,4.0,0.0,0.0,0.0,80.0,0.0,80.0,3547.1,0.0,360.0,992.0,902.0,902.0
41,"Амурская ул., д.29",1962.0,Мягкая,кирпич,31.0,5.0,4.0,0.0,0.0,0.0,80.0,0.0,80.0,3415.8,175.9,561.0,1017.0,924.5,924.5
42,"Амурская ул., д.30",1966.0,Мягкая,панельный,34.0,5.0,4.0,0.0,0.0,0.0,80.0,0.0,80.0,3466.25,0.0,358.0,993.0,902.0,902.0
43,"Амурская ул., д.31",1965.0,Мягкая,панельный,25.0,5.0,8.0,0.0,0.0,0.0,160.0,0.0,160.0,7006.75,739.2,876.0,1988.0,905.9,905.9
44,"Амурская ул., д.32",1966.0,Мягкая,панельный,33.0,5.0,4.0,0.0,0.0,0.0,80.0,0.0,80.0,3429.02,0.0,357.0,993.0,902.0,902.0
45,"Амурская ул., д.34",1966.0,Мягкая,панельный,34.0,5.0,4.0,0.0,0.0,0.0,80.0,0.0,80.0,3534.5,0.0,358.0,995.0,905.0,905.0
46,"Амурская ул., д.40",1965.0,Мягкая,кирпич,34.0,5.0,4.0,0.0,0.0,0.0,80.0,0.0,80.0,3382.1,0.0,349.0,1008.0,916.0,916.0
47,"Амурская ул., д.42",1967.0,Мягкая,панельный,34.0,5.0,4.0,0.0,0.0,0.0,80.0,0.0,80.0,3523.0,0.0,373.0,998.0,908.0,908.0
48,"Амурская ул., д.44, к.1",1978.0,Мягкая,кирпич,26.0,9.0,3.0,3.0,0.0,3.0,92.0,0.0,93.0,4558.5,174.5,758.0,934.0,790.0,790.0
49,"Амурская ул., д.44, к.2",2009.0,Мягкая,панельный,1.4,14.0,2.0,4.0,2.0,2.0,0.0,107.0,107.0,5950.0,82.6,1057.0,697.0,590.0,567.0
50,"Амурская ул., д.46",1967.0,Мягкая,панельный,33.0,5.0,4.0,0.0,0.0,0.0,75.0,0.0,76.0,3384.6,170.2,362.0,1013.0,908.0,908.0
51,"Амурская ул., д.48",1965.0,Мягкая,панельный,34.0,5.0,4.0,0.0,0.0,0.0,75.0,0.0,75.0,3557.1,0.0,359.0,995.0,905.0,905.0
52,"Амурская ул., д.50, к.1",1980.0,Мягкая,кирпич,20.0,9.0,3.0,3.0,0.0,3.0,95.0,0.0,96.0,4725.1,0.0,665.0,958.0,766.0,766.0
53,"Амурская ул., д.52",1966.0,Мягкая,панельный,34.0,5.0,4.0,0.0,0.0,0.0,80.0,0.0,80.0,3561.6,0.0,388.0,996.0,906.0,906.0
54,"Амурская ул., д.52, к.1",2000.0,Мягкая,железобетон,7.7,10.0,4.0,6.0,2.0,4.0,0.0,102.0,102.0,10705.9,0.0,2014.0,1977.0,1754.0,1754.0
55,"Амурская ул., д.54",2015.0,Мягкая,панельный,0.0,14.0,3.0,6.0,3.0,3.0,0.0,157.0,157.0,9222.1,0.0,503.0,2268.0,1099.4,942.1
56,"Амурская ул., д.56",2012.0,Мягкая,железобетон,35.0,17.0,5.0,10.0,5.0,5.0,0.0,301.0,301.0,16994.4,5380.8,3353.0,2369.6,0.0,1443.5
57,"Амурская ул., д.62, к.1",2011.0,Мягкая,панельный,0.7,17.0,2.0,4.0,2.0,2.0,0.0,128.0,128.0,7139.3,309.2,1219.9,703.0,615.1,588.0
58,"Амурская ул., д.64",1965.0,Мягкая,кирпич,38.0,5.0,4.0,0.0,0.0,0.0,80.0,0.0,80.0,3360.0,0.0,368.0,1015.0,923.0,923.0
59,"Амурская ул., д.66",1964.0,Мягкая,кирпич,39.0,5.0,4.0,0.0,0.0,0.0,80.0,0.0,80.0,3394.3,0.0,324.0,1013.0,920.5,920.5
60,"Амурская ул., д.68",1960.0,Металл,кирпич,43.0,4.0,4.0,0.0,0.0,0.0,58.0,0.0,57.0,2259.36,169.4,217.0,1077.0,861.2,861.2
61,"Амурская ул., д.70",1963.0,Мягкая,кирпич,39.0,5.0,4.0,0.0,0.0,0.0,80.0,0.0,80.0,3410.7,0.0,309.0,1018.0,925.4,925.4
62,"Амурская ул., д.76",2010.0,Мягкая,железобетон,1.4,14.0,3.0,6.0,3.0,3.0,0.0,161.0,161.0,9079.5,5029.2,1484.2,1250.0,934.9,844.9
63,"Байкальская ул., д.12, к.1",1990.0,Мягкая,панельный,14.7,14.0,3.0,6.0,3.0,3.0,0.0,165.0,165.0,7600.8,19.3,1319.0,923.0,744.8,744.8
64,"Байкальская ул., д.12, к.2",1990.0,Мягкая,панельный,14.7,14.0,3.0,6.0,3.0,3.0,0.0,165.0,166.0,7635.5,39.7,1319.0,923.0,744.8,744.8
65,"Байкальская ул., д.14, к.2",1976.0,Мягкая,кирпич,31.0,9.0,3.0,3.0,0.0,3.0,86.0,0.0,86.0,4109.0,23.6,910.7,889.0,734.4,734.4
66,"Байкальская ул., д.15",1967.0,Мягкая,кирпич,31.0,9.0,10.0,10.0,0.0,10.0,358.0,0.0,359.0,15698.4,0.0,1566.8,2742.0,2467.0,2467.0
67,"Байкальская ул., д.17, к.1",1967.0,Мягкая,панельный,31.0,5.0,6.0,0.0,0.0,0.0,119.0,0.0,119.0,5151.5,0.0,585.0,1461.0,1328.0,1328.0
68,"Байкальская ул., д.17, к.2",1967.0,Мягкая,панельный,29.0,5.0,6.0,0.0,0.0,0.0,119.0,0.0,119.0,5135.8,0.0,558.0,1477.0,1342.0,1342.0
69,"Байкальская ул., д.17, к.3",1967.0,Мягкая,панельный,29.0,5.0,6.0,0.0,0.0,0.0,119.0,0.0,119.0,5085.9,0.0,549.0,1459.0,1327.0,1327.0
70,"Байкальская ул., д.17, к.4",1967.0,Мягкая,панельный,28.0,5.0,6.0,0.0,0.0,0.0,119.0,0.0,119.0,5073.7,0.0,557.0,1481.0,1325.0,1325.0
71,"Байкальская ул., д.18, к.2",2005.0,Мягкая,железобетон,4.2,18.0,2.0,4.0,2.0,2.0,0.0,148.0,148.0,8219.6,0.0,1858.0,895.0,755.7,569.9
72,"Байкальская ул., д.18, к.3",2005.0,Мягкая,железобетон,4.2,18.0,2.0,4.0,2.0,2.0,0.0,128.0,128.0,8888.1,0.0,965.2,967.0,758.1,473.1
73,"Байкальская ул., д.18, к.4",2008.0,Мягкая,железобетон,2.1,18.0,7.0,14.0,7.0,4.0,0.0,469.0,469.0,28210.7,0.0,5158.2,1692.0,1951.5,1655.8
74,"Байкальская ул., д.23",1972.0,Мягкая,кирпич,34.0,14.0,3.0,6.0,3.0,3.0,150.0,0.0,150.0,9444.4,1013.9,1704.0,1323.0,1122.0,1122.0
75,"Байкальская ул., д.25, к.1",1965.0,Мягкая,панельный,29.0,5.0,7.0,0.0,0.0,0.0,139.0,0.0,139.0,6095.9,0.0,658.0,1722.0,1565.0,1565.0
76,"Байкальская ул., д.25, к.2",1965.0,Мягкая,панельный,32.0,5.0,7.0,0.0,0.0,0.0,137.0,0.0,139.0,6024.4,0.0,544.0,1730.0,1573.0,1573.0
77,"Байкальская ул., д.25, к.3",1965.0,Мягкая,панельный,30.0,5.0,7.0,0.0,0.0,0.0,139.0,0.0,139.0,6111.9,0.0,558.0,1729.0,1571.0,1571.0
78,"Байкальская ул., д.25, к.4",1965.0,Мягкая,панельный,30.0,5.0,7.0,0.0,0.0,0.0,138.0,0.0,138.0,5982.45,62.7,642.0,1719.0,1563.0,1563.0
79,"Байкальская ул., д.26/10",1966.0,Мягкая,кирпич,21.0,9.0,8.0,8.0,0.0,8.0,287.0,0.0,287.0,12378.3,0.0,1659.0,2187.0,1936.8,1936.8
80,"Байкальская ул., д.27",1966.0,Мягкая,кирпич,27.0,9.0,8.0,8.0,0.0,8.0,287.0,0.0,288.0,12766.6,0.0,1540.0,2216.0,1992.0,1992.0
81,"Байкальская ул., д.29",1966.0,Мягкая,блочный,25.0,12.0,1.0,2.0,1.0,1.0,77.0,0.0,77.0,3319.6,1981.1,500.0,467.0,223.3,223.3
82,"Байкальская ул., д.30, к.1",1965.0,Мягкая,панельный,32.0,5.0,6.0,0.0,0.0,0.0,120.0,0.0,120.0,5169.0,0.0,547.0,1453.0,1320.9,1320.9
83,"Байкальская ул., д.30, к.4",1967.0,Мягкая,блочный,31.0,12.0,1.0,2.0,1.0,5.0,84.0,0.0,84.0,3640.0,0.0,504.0,470.0,422.2,422.2
84,"Байкальская ул., д.31",1966.0,Мягкая,блочный,26.0,12.0,1.0,2.0,1.0,1.0,80.0,0.0,80.0,3458.0,1687.4,517.0,464.0,966.1,464.0
85,"Байкальская ул., д.32",1965.0,Мягкая,панельный,35.0,5.0,6.0,0.0,0.0,0.0,120.0,0.0,120.0,5125.7,0.0,560.0,1463.0,1328.0,1328.0
86,"Байкальская ул., д.33, к.1",1967.0,Мягкая,панельный,25.0,5.0,7.0,0.0,0.0,0.0,139.0,0.0,139.0,6085.7,0.0,658.0,1711.0,1555.8,1555.8
87,"Байкальская ул., д.33, к.2",1966.0,Мягкая,панельный,25.0,5.0,7.0,0.0,0.0,0.0,139.0,0.0,139.0,6048.1,0.0,633.0,1713.0,1055.0,1055.0
88,"Байкальская ул., д.33, к.3",1966.0,Мягкая,панельный,25.0,5.0,3.0,0.0,0.0,0.0,60.0,0.0,60.0,2579.5,0.0,269.0,726.0,661.5,661.5
89,"Байкальская ул., д.33, к.4",1966.0,Мягкая,панельный,25.0,5.0,3.0,0.0,0.0,0.0,60.0,0.0,60.0,2563.9,0.0,267.0,729.0,662.8,662.8
90,"Байкальская ул., д.34",1965.0,Мягкая,панельный,28.0,5.0,6.0,0.0,0.0,0.0,120.0,0.0,120.0,5130.8,0.0,567.0,1463.0,1323.5,1323.5
91,"Байкальская ул., д.35",1968.0,Мягкая,панельный,26.0,9.0,7.0,7.0,0.0,7.0,251.0,0.0,251.0,12879.5,0.0,1610.0,2123.0,1909.4,1909.4
92,"Байкальская ул., д.36",1965.0,Мягкая,панельный,24.0,5.0,6.0,0.0,0.0,0.0,119.0,0.0,119.0,5111.8,32.2,569.0,1454.0,1321.0,1321.0
93,"Байкальская ул., д.37",1969.0,Мягкая,блочный,6.0,12.0,1.0,2.0,1.0,1.0,80.0,0.0,80.0,3487.7,1869.1,531.0,468.0,421.5,421.5
94,"Байкальская ул., д.38, к.1",1965.0,Мягкая,панельный,31.0,5.0,6.0,0.0,0.0,0.0,120.0,0.0,120.0,5136.7,0.0,554.0,1463.0,1330.5,1330.5
95,"Байкальская ул., д.38, к.2",1966.0,Мягкая,панельный,24.0,9.0,5.0,5.0,0.0,5.0,175.0,0.0,175.0,8679.9,172.6,1078.0,1517.0,1314.0,0.0
96,"Байкальская ул., д.38, к.4",1968.0,Мягкая,блочный,27.0,12.0,1.0,2.0,1.0,1.0,84.0,0.0,84.0,3611.5,0.0,488.0,470.0,424.0,424.0
97,"Байкальская ул., д.39",1969.0,Мягкая,блочный,26.0,12.0,1.0,2.0,1.0,1.0,81.0,0.0,81.0,3525.4,864.2,535.0,468.0,1195.0,1195.0
98,"Байкальская ул., д.40/17",1965.0,Мягкая,кирпич,25.0,9.0,10.0,10.0,0.0,10.0,298.0,0.0,301.0,13466.6,2683.4,1964.0,2842.0,2522.8,2522.8
99,"Байкальская ул., д.41, к.1",1966.0,Мягкая,панельный,31.0,5.0,7.0,0.0,0.0,0.0,139.0,0.0,139.0,6030.3,0.0,666.0,1713.0,1557.0,1557.0
100,"Байкальская ул., д.41, к.2",1966.0,Мягкая,панельный,31.0,5.0,7.0,0.0,0.0,0.0,138.0,0.0,138.0,5980.14,63.5,646.0,1721.0,1565.0,1565.0
101,"Байкальская ул., д.41, к.3",1966.0,Мягкая,панельный,30.0,5.0,7.0,0.0,0.0,0.0,135.0,0.0,135.0,5939.1,163.2,658.0,1722.0,1565.0,1565.0
102,"Байкальская ул., д.41, к.4",1966.0,Мягкая,панельный,24.0,5.0,4.0,0.0,0.0,0.0,80.0,0.0,80.0,3529.5,0.0,360.0,997.0,906.0,906.0
103,"Байкальская ул., д.43",1968.0,Мягкая,кирпич,20.0,9.0,6.0,6.0,0.0,6.0,215.0,0.0,216.0,9522.3,6.3,1279.0,1652.0,1495.0,1495.0
104,"Байкальская ул., д.44, к.1",1968.0,Мягкая,панельный,28.0,9.0,8.0,8.0,0.0,8.0,286.0,0.0,286.0,14073.3,58.3,1584.0,2278.0,2076.6,2076.6
105,"Байкальская ул., д.44, к.2",1967.0,Мягкая,панельный,31.0,5.0,7.0,0.0,0.0,0.0,139.0,0.0,139.0,6098.1,0.0,724.0,1725.0,1568.5,1568.5
106,"Байкальская ул., д.44, к.3",1967.0,Мягкая,панельный,32.0,5.0,7.0,0.0,0.0,0.0,139.0,0.0,139.0,6111.2,0.0,700.0,1717.0,1561.0,1561.0
107,"Байкальская ул., д.44, к.4",1967.0,Мягкая,блочный,31.0,12.0,1.0,2.0,1.0,1.0,80.0,0.0,80.0,3439.6,198.8,495.0,468.0,462.4,462.4
108,"Байкальская ул., д.45",1969.0,Мягкая,блочный,21.0,12.0,1.0,2.0,1.0,1.0,77.0,0.0,77.0,3352.7,1995.0,522.0,1509.0,420.0,420.0
109,"Байкальская ул., д.46, к.1",1970.0,Мягкая,блочный,28.0,14.0,1.0,2.0,1.0,1.0,97.0,0.0,97.0,4206.2,800.0,674.0,1405.0,1238.9,1238.9
110,"Байкальская ул., д.47",1968.0,Мягкая,блочный,28.0,12.0,1.0,2.0,1.0,1.0,80.0,0.0,80.0,3454.7,938.3,523.0,1460.0,424.0,442.0
111,"Байкальская ул., д.48, к.1",1972.0,Мягкая,панельный,22.0,9.0,10.0,10.0,0.0,10.0,357.0,0.0,358.0,17730.3,0.0,1995.0,2851.0,2587.0,2587.0
112,"Байкальская ул., д.48, к.2",1973.0,Мягкая,панельный,28.0,9.0,6.0,6.0,0.0,6.0,215.0,0.0,215.0,10659.5,138.5,1183.0,1772.0,1629.0,1673.0
113,"Байкальская ул., д.51, к.1",1969.0,Мягкая,кирпич,28.0,9.0,6.0,6.0,0.0,6.0,214.0,0.0,215.0,9542.5,64.1,1262.0,1685.0,1542.0,1587.0
114,"Байкальская ул., д.51, к.2",1968.0,Мягкая,панельный,31.0,5.0,3.0,0.0,0.0,0.0,60.0,0.0,60.0,2573.3,0.0,277.0,733.0,662.0,662.0
115,"Байкальская ул., д.51, к.3",1968.0,Мягкая,панельный,32.0,5.0,3.0,0.0,0.0,0.0,60.0,0.0,60.0,2591.5,0.0,273.0,733.0,653.0,653.0
116,"Байкальская ул., д.51, к.4",1968.0,Мягкая,панельный,33.0,5.0,3.0,0.0,0.0,0.0,60.0,0.0,60.0,2589.4,0.0,282.0,729.0,663.0,650.0
117,"Белы Куна площадь, д.1",2022.0,Мягкая,монолит.,0.0,24.0,1.0,4.0,1.0,2.0,0.0,0.0,294.0,1673.1,2433.4,3879.7,1350.7,902.7,1095.0
118,"Бирюсинка ул., д.10",2011.0,Штучные материалы,панельный,0.7,14.0,2.0,4.0,2.0,2.0,0.0,107.0,107.0,6035.2,82.6,971.8,779.0,615.0,559.1
119,"Бирюсинка ул., д.11/38",1965.0,Мягкая,кирпич,34.0,5.0,4.0,0.0,0.0,0.0,80.0,0.0,80.0,3364.7,0.0,349.0,1008.0,917.0,917.0
120,"Бирюсинка ул., д.13, к.1",1964.0,Мягкая,кирпич,33.0,5.0,3.0,0.0,0.0,0.0,60.0,0.0,60.0,2478.7,0.0,265.0,746.0,678.0,678.0
121,"Бирюсинка ул., д.13, к.2",1964.0,Мягкая,кирпич,29.0,5.0,3.0,0.0,0.0,0.0,59.0,0.0,60.0,2428.3,0.0,252.0,745.0,677.0,677.0
122,"Бирюсинка ул., д.15, к.1",1964.0,Мягкая,кирпич,35.0,5.0,4.0,0.0,0.0,0.0,80.0,0.0,80.0,3416.4,0.0,397.0,1013.0,921.0,921.0
123,"Бирюсинка ул., д.15, к.2",1964.0,Мягкая,кирпич,35.0,5.0,4.0,0.0,0.0,0.0,80.0,0.0,80.0,3432.8,0.0,382.0,1008.0,917.0,917.0
124,"Иркутская ул., д.12/14",1969.0,Мягкая,блочный,26.0,12.0,1.0,2.0,1.0,1.0,80.0,0.0,80.0,3435.7,1158.2,512.0,463.0,421.0,421.0
125,"Иркутская ул., д.16",1974.0,Мягкая,кирпич,28.0,9.0,3.0,3.0,0.0,3.0,108.0,0.0,108.0,4516.7,56.5,581.0,725.0,719.0,719.0
126,"Камчатская ул., д.2",1971.0,Мягкая,кирпич,25.0,9.0,5.0,5.0,0.0,30.0,179.0,0.0,179.0,7779.9,13.1,983.0,1350.0,1227.0,1227.0
127,"Камчатская ул., д.3",1985.0,Мягкая,панельный,16.0,16.0,4.0,8.0,4.0,4.0,0.0,247.0,247.0,12661.3,206.2,3130.0,1504.0,1271.0,1271.0
128,"Камчатская ул., д.4",1972.0,Мягкая,кирпич,16.0,9.0,5.0,5.0,0.0,30.0,180.0,0.0,180.0,7818.1,0.0,1011.0,1347.0,1224.0,1224.0
129,"Камчатская ул., д.5",1984.0,Мягкая,панельный,16.0,16.0,4.0,8.0,4.0,4.0,0.0,251.0,251.0,12803.3,11.4,3130.0,1504.0,1271.0,1271.0
130,"Камчатская ул., д.6, к.1",1971.0,Мягкая,блочный,26.0,14.0,1.0,2.0,1.0,18.0,95.0,0.0,95.0,3988.91,1257.8,498.0,1213.0,207.0,207.0
131,"Камчатская ул., д.6, к.2",1972.0,Мягкая,панельный,25.0,9.0,4.0,4.0,0.0,24.0,140.0,0.0,141.0,6131.5,0.0,872.0,1044.0,915.0,915.0
132,"Камчатская ул., д.7",1989.0,Мягкая,панельный,12.0,14.0,4.0,8.0,4.0,4.0,0.0,182.0,182.0,11764.2,754.7,1816.0,1501.0,1294.0,1294.0
133,"Камчатская ул., д.8, к.1",1973.0,Мягкая,панельный,14.0,9.0,4.0,4.0,0.0,4.0,142.0,0.0,142.0,6172.7,0.0,803.0,1013.0,921.0,921.0
134,"Камчатская ул., д.19",1990.0,Мягкая,панельный,14.0,14.0,2.0,4.0,2.0,2.0,0.0,110.0,110.0,4977.2,0.0,875.0,622.0,497.0,497.0
135,"Красноярская ул., д.3, к.1",1979.0,Мягкая,панельный,23.0,9.0,4.0,4.0,0.0,4.0,0.0,144.0,144.0,7197.63,0.0,778.0,1161.0,1054.0,1054.0
136,"Красноярская ул., д.9",1974.0,Мягкая,панельный,24.0,9.0,14.0,14.0,0.0,14.0,494.0,0.0,494.0,24985.4,104.6,2796.0,4491.0,3200.0,3200.0
137,"Красноярская ул., д.11",1979.0,Мягкая,панельный,24.0,16.0,1.0,2.0,2.0,1.0,0.0,126.0,126.0,5839.3,343.4,1423.0,609.0,484.0,484.0
138,"Красноярская ул., д.13",1974.0,Мягкая,панельный,23.0,9.0,14.0,14.0,0.0,14.0,494.0,0.0,495.0,25144.27,94.8,2880.0,4453.0,3285.0,3285.0
139,"Красноярская ул., д.15",1980.0,Мягкая,панельный,21.0,16.0,1.0,2.0,2.0,1.0,0.0,123.0,123.0,5710.4,1704.9,1479.0,482.0,484.0,482.0
140,"Красноярская ул., д.17",1974.0,Мягкая,панельный,22.0,9.0,14.0,14.0,0.0,14.0,494.0,0.0,494.0,25151.2,90.0,3022.0,4401.0,3958.9,3958.9
141,"Курганская ул., д.12",1990.0,Мягкая,панельный,13.0,14.0,2.0,4.0,2.0,2.0,0.0,110.0,110.0,4996.3,0.0,889.0,622.0,499.0,499.0
142,"Новосибирская ул., д.1, к.1",1968.0,Мягкая,панельный,20.0,5.0,5.0,0.0,0.0,0.0,100.0,0.0,100.0,4421.7,0.0,457.0,1259.0,1144.2,1144.2
143,"Новосибирская ул., д.1, к.2",1969.0,Мягкая,панельный,20.0,5.0,5.0,0.0,0.0,0.0,100.0,0.0,100.0,4462.1,0.0,450.0,1259.0,1140.8,1140.8
144,"Новосибирская ул., д.3",1969.0,Мягкая,блочный,34.0,12.0,1.0,2.0,1.0,1.0,81.0,0.0,81.0,3521.9,1605.8,515.0,1498.0,980.0,980.0
145,"Новосибирская ул., д.4",1976.0,Мягкая,панельный,21.0,9.0,6.0,6.0,0.0,6.0,210.0,0.0,210.0,10359.7,1341.9,1248.0,819.0,1564.0,0.0
146,"Новосибирская ул., д.5, к.1",1978.0,Мягкая,блочный,23.0,16.0,1.0,2.0,1.0,1.0,0.0,111.0,111.0,5306.0,0.0,918.0,585.0,486.9,486.9
147,"Новосибирская ул., д.5, к.2",1981.0,Мягкая,блочный,15.0,16.0,1.0,2.0,1.0,1.0,0.0,108.0,108.0,5145.5,158.7,965.0,635.0,484.0,484.0
148,"Новосибирская ул., д.6, к.1",1976.0,Мягкая,панельный,22.0,9.0,8.0,8.0,0.0,8.0,288.0,0.0,288.0,14385.2,0.0,1572.0,2307.0,2097.0,2176.0
149,"Новосибирская ул., д.6, к.2",1976.0,Мягкая,панельный,16.0,9.0,8.0,8.0,0.0,8.0,285.0,0.0,286.0,14021.96,102.0,1539.0,2303.0,1046.5,0.0
150,"Новосибирская ул., д.7",1968.0,Мягкая,блочный,29.0,12.0,1.0,2.0,1.0,1.0,84.0,0.0,84.0,3678.5,0.0,518.0,461.0,419.3,420.0
151,"Новосибирская ул., д.8",1976.0,Мягкая,панельный,26.0,9.0,8.0,8.0,0.0,8.0,287.0,0.0,288.0,14193.47,0.0,1579.0,2381.0,2100.0,2250.0
152,"Новосибирская ул., д.9, к.1",1967.0,Мягкая,панельный,33.0,5.0,5.0,0.0,0.0,0.0,100.0,0.0,100.0,3238.1,0.0,452.0,1257.0,1142.9,1142.9
153,"Новосибирская ул., д.9, к.2",1967.0,Мягкая,панельный,30.0,5.0,5.0,0.0,0.0,0.0,100.0,0.0,100.0,4425.0,0.0,450.0,1255.0,1140.7,1140.7
154,"Новосибирская ул., д.11",1969.0,Мягкая,панельный,29.0,9.0,8.0,8.0,0.0,5.0,286.0,0.0,287.0,14164.2,591.8,1556.0,2272.0,2050.9,2050.9
155,"Сахалинская ул., д.4",1969.0,Мягкая,панельный,20.0,9.0,8.0,8.0,0.0,8.0,287.0,0.0,287.0,14037.9,0.0,1428.0,2287.0,2057.0,2057.0
156,"Сахалинская ул., д.5, к.2",1971.0,Мягкая,панельный,27.0,9.0,6.0,6.0,0.0,36.0,215.0,0.0,215.0,10468.75,63.7,1171.0,1706.0,1550.0,1550.0
157,"Сахалинская ул., д.6, к.1",1969.0,Мягкая,панельный,17.0,9.0,8.0,8.0,0.0,8.0,286.0,0.0,287.0,13663.2,0.0,1685.0,2274.0,2057.0,2057.0
158,"Сахалинская ул., д.7, к.1",1970.0,Мягкая,панельный,27.0,9.0,6.0,6.0,0.0,36.0,213.0,0.0,214.0,10659.1,45.6,1010.0,1893.0,1627.0,1627.0
159,"Сахалинская ул., д.7, к.2",1971.0,Мягкая,панельный,26.0,9.0,6.0,6.0,0.0,36.0,216.0,0.0,216.0,10590.0,0.0,1195.0,1706.0,1550.0,1550.0
160,"Сахалинская ул., д.10/17",1989.0,Мягкая,панельный,18.0,14.0,2.0,4.0,2.0,2.0,0.0,110.0,110.0,4980.8,22.2,965.0,624.0,496.0,496.0
161,"Сахалинская ул., д.11",1970.0,Мягкая,панельный,27.0,9.0,6.0,6.0,0.0,36.0,215.0,0.0,215.0,10740.8,0.0,1223.0,1924.0,1629.0,1629.0
162,"Сахалинская ул., д.13/6, к.1",1972.0,Мягкая,панельный,22.0,9.0,4.0,4.0,0.0,24.0,142.0,0.0,142.0,6093.3,0.0,880.0,1121.0,913.0,913.0
163,"Уральская ул., д.1, к.1",2010.0,Мягкая,панельный,1.4,17.0,3.0,6.0,3.0,3.0,0.0,197.0,197.0,11103.0,5065.8,1795.5,1668.0,935.7,935.7
164,"Уральская ул., д.4",1968.0,Мягкая,панельный,27.0,9.0,10.0,10.0,0.0,10.0,354.0,0.0,355.0,17311.2,1719.8,1938.0,2876.0,2574.0,2574.0
165,"Уральская ул., д.5",1966.0,Мягкая,блочный,25.0,12.0,2.0,4.0,2.0,2.0,179.0,0.0,180.0,6778.0,1311.6,574.0,1963.0,418.0,418.0
166,"Уральская ул., д.6, к.5",1964.0,Мягкая,панельный,20.0,5.0,6.0,0.0,0.0,0.0,119.0,0.0,120.0,5154.5,0.0,571.0,1454.0,1350.0,1350.0
167,"Уральская ул., д.7",1967.0,Мягкая,блочный,23.0,12.0,2.0,4.0,2.0,2.0,181.0,0.0,181.0,6808.0,2994.7,986.0,2685.0,838.0,838.0
168,"Уральская ул., д.11",1969.0,Мягкая,блочный,26.0,12.0,2.0,4.0,2.0,2.0,173.0,0.0,173.0,6986.9,1083.5,1081.0,1916.0,839.0,839.0
169,"Уральская ул., д.12/21",1968.0,Мягкая,панельный,29.0,9.0,6.0,6.0,0.0,6.0,206.0,0.0,210.0,10098.9,954.9,1045.0,2331.0,1578.0,1578.0
170,"Уральская ул., д.13",1969.0,Мягкая,блочный,27.0,12.0,2.0,4.0,2.0,2.0,172.0,0.0,172.0,6868.5,902.3,955.9,1696.0,843.0,843.0
171,"Уральская ул., д.15",1967.0,Мягкая,кирпич,34.0,9.0,8.0,8.0,0.0,8.0,282.0,0.0,282.0,12248.6,261.0,1346.0,2148.0,1953.0,1953.0
172,"Уральская ул., д.17",1969.0,Мягкая,блочный,28.0,12.0,2.0,4.0,2.0,2.0,173.0,0.0,173.0,6899.8,1993.2,1028.0,2169.0,845.0,845.0
173,"Уральская ул., д.19, к.1",1969.0,Мягкая,блочный,28.0,12.0,2.0,4.0,2.0,2.0,173.0,0.0,173.0,6962.3,1910.4,991.0,1969.0,842.0,842.0
174,"Уральская ул., д.19, к.2",1968.0,Мягкая,блочный,29.0,12.0,1.0,2.0,1.0,1.0,84.0,0.0,84.0,3642.4,0.0,496.0,463.0,421.0,421.0
175,"Уральская ул., д.19, к.3",1968.0,Мягкая,блочный,25.0,12.0,1.0,2.0,1.0,1.0,84.0,0.0,84.0,3638.2,0.0,502.0,475.0,422.0,422.0
176,"Уральская ул., д.19, к.4",1968.0,Мягкая,блочный,28.0,12.0,1.0,2.0,1.0,1.0,84.0,0.0,84.0,3670.3,0.0,490.0,469.0,425.0,425.0
177,"Уссурийская ул., д.1, к.1",1976.0,Мягкая,блочный,30.0,16.0,1.0,2.0,1.0,18.0,0.0,105.0,105.0,4944.8,3458.4,948.0,598.0,487.0,487.0
178,"Уссурийская ул., д.1, к.2",1970.0,Мягкая,панельный,31.0,9.0,8.0,8.0,0.0,48.0,287.0,0.0,287.0,14060.4,0.0,1764.0,2412.0,2049.0,2049.0
179,"Уссурийская ул., д.1, к.3",1973.0,Мягкая,панельный,39.0,9.0,4.0,4.0,0.0,24.0,144.0,0.0,144.0,7155.2,0.0,727.0,1195.0,1086.0,1086.0
180,"Уссурийская ул., д.1, к.4",1974.0,Мягкая,панельный,24.0,9.0,4.0,4.0,0.0,4.0,144.0,0.0,144.0,7142.1,0.0,810.0,1131.0,1027.0,1027.0
181,"Уссурийская ул., д.1, к.5",1975.0,Мягкая,блочный,26.0,16.0,1.0,2.0,1.0,1.0,0.0,105.0,105.0,4989.9,2111.2,860.0,533.0,485.0,485.0
182,"Уссурийская ул., д.3, к.1",1978.0,Мягкая,панельный,7.0,9.0,8.0,8.0,0.0,48.0,0.0,286.0,286.0,14336.5,0.0,1536.0,2614.0,2107.0,2107.0
183,"Уссурийская ул., д.4",1978.0,Мягкая,блочный,15.0,16.0,1.0,2.0,1.0,1.0,0.0,111.0,111.0,5215.6,0.0,817.0,554.0,486.6,486.6
184,"Уссурийская ул., д.5",1973.0,Мягкая,блочный,25.0,14.0,1.0,2.0,1.0,16.0,98.0,0.0,98.0,4257.3,370.5,553.0,985.0,424.0,424.0
185,"Уссурийская ул., д.5, к.1",1970.0,Мягкая,панельный,22.0,9.0,12.0,12.0,0.0,72.0,430.0,0.0,431.0,21208.2,49.5,2507.0,3626.0,3258.0,3258.0
186,"Уссурийская ул., д.5, к.2",1971.0,Мягкая,панельный,20.0,14.0,1.0,2.0,1.0,1.0,98.0,0.0,98.0,4241.5,0.0,580.0,509.0,426.0,426.0
187,"Уссурийская ул., д.5, к.3",1971.0,Мягкая,блочный,31.0,14.0,1.0,2.0,1.0,16.0,94.0,0.0,94.0,4029.06,175.9,580.0,509.0,425.0,425.0
188,"Уссурийская ул., д.8",1977.0,Мягкая,блочный,20.0,9.0,4.0,4.0,0.0,4.0,0.0,144.0,144.0,7129.8,0.0,719.0,1329.0,1067.0,1067.0
189,"Уссурийская ул., д.10",1978.0,Мягкая,панельный,20.0,9.0,4.0,4.0,0.0,4.0,0.0,144.0,144.0,7159.0,0.0,850.0,1328.0,1066.0,1066.0
190,"Уссурийская ул., д.9",1978.0,Мягкая,,0.0,16.0,1.0,2.0,1.0,1.0,0.0,105.0,144.0,3125.5,2884.4,450.0,539.5,2076.5,539.0
191,"Уссурийская ул., д.11, к.1",1972.0,Мягкая,блочный,28.0,14.0,1.0,2.0,1.0,1.0,96.0,0.0,96.0,4098.8,530.6,522.7,1075.0,430.0,430.0
192,"Уссурийская ул., д.11, к.2",1972.0,Мягкая,блочный,20.0,14.0,1.0,2.0,1.0,1.0,94.0,0.0,94.0,4052.0,1143.1,504.2,1056.0,420.0,420.0
193,"Уссурийская ул., д.11, к.3",1972.0,Мягкая,блочный,25.0,14.0,1.0,2.0,1.0,1.0,94.0,0.0,94.0,4025.0,611.1,528.2,1063.0,420.0,420.0
194,"Уссурийская ул., д.16",1979.0,Мягкая,блочный,18.0,16.0,2.0,4.0,2.0,2.0,0.0,207.0,207.0,10770.9,0.0,1833.0,1352.0,966.1,966.1
195,"Хабаровская ул., д.1",1976.0,Мягкая,панельный,22.0,9.0,4.0,4.0,0.0,4.0,144.0,0.0,144.0,7125.4,0.0,802.0,1224.0,1029.0,0.0
196,"Хабаровская ул., д.3",1976.0,Мягкая,панельный,24.0,9.0,4.0,4.0,0.0,4.0,142.0,0.0,142.0,6947.6,112.9,807.0,1210.0,1021.0,0.0
197,"Хабаровская ул., д.5",1979.0,Мягкая,панельный,15.0,9.0,6.0,6.0,0.0,6.0,214.0,0.0,215.0,10342.2,0.0,1242.0,1712.0,1543.0,1543.0
198,"Хабаровская ул., д.6, к.2",1980.0,Мягкая,панельный,16.0,9.0,4.0,4.0,0.0,4.0,0.0,144.0,144.0,7177.0,0.0,731.0,1349.0,1080.0,1080.0
199,"Хабаровская ул., д.7/50",1973.0,Мягкая,блочный,34.0,14.0,1.0,2.0,1.0,1.0,93.0,0.0,93.0,4034.1,1401.9,584.0,1035.0,421.0,540.0
200,"Хабаровская ул., д.8",1978.0,Мягкая,панельный,18.0,12.0,8.0,16.0,8.0,8.0,0.0,376.0,376.0,17104.0,2541.5,3050.0,2496.0,1012.0,1012.0
201,"Хабаровская ул., д.9",1971.0,Мягкая,кирпич,24.0,9.0,2.0,4.0,0.0,4.0,319.0,0.0,320.0,8729.4,1683.2,2002.0,2086.0,1989.0,1989.0
202,"Хабаровская ул., д.10/30",1980.0,Мягкая,панельный,25.0,12.0,8.0,16.0,8.0,8.0,0.0,381.0,381.0,17594.6,660.1,2773.0,2496.0,1008.0,1008.0
203,"Хабаровская ул., д.11/28",1969.0,Мягкая,кирпич,36.0,9.0,4.0,4.0,0.0,4.0,144.0,0.0,144.0,6450.1,0.0,734.0,1175.0,971.0,1109.0
204,"Хабаровская ул., д.12/23",1974.0,Мягкая,панельный,19.0,9.0,12.0,12.0,0.0,12.0,384.0,0.0,384.0,19215.38,5676.5,2348.0,6739.0,5752.0,5752.0
205,"Хабаровская ул., д.14, к.1",1977.0,Мягкая,блочный,29.0,16.0,1.0,2.0,1.0,1.0,0.0,106.0,106.0,5005.1,701.3,952.0,1113.0,489.0,489.0
206,"Хабаровская ул., д.16",1976.0,Мягкая,блочный,23.0,16.0,1.0,2.0,1.0,1.0,0.0,109.0,109.0,5183.7,342.5,939.0,885.0,526.0,526.0
207,"Хабаровская ул., д.18, к.1",1973.0,Мягкая,панельный,24.0,9.0,8.0,8.0,0.0,8.0,284.0,0.0,287.0,14197.4,273.7,1545.0,2348.0,2026.0,2026.0
208,"Хабаровская ул., д.19, к.1",1970.0,Мягкая,блочный,20.0,9.0,4.0,4.0,0.0,4.0,142.0,0.0,143.0,7104.9,64.6,827.0,1161.0,1055.0,1055.0
209,"Хабаровская ул., д.19, к.3",1970.0,Мягкая,блочный,20.0,9.0,4.0,4.0,0.0,4.0,144.0,0.0,144.0,7207.9,0.0,816.0,1161.0,1055.0,1055.0
210,"Хабаровская ул., д.20",1972.0,Мягкая,панельный,29.0,9.0,4.0,4.0,0.0,4.0,144.0,0.0,144.0,7143.0,0.0,778.0,1161.0,1055.0,1055.0
211,"Хабаровская ул., д.21",1970.0,Мягкая,панельный,22.0,9.0,6.0,6.0,0.0,6.0,209.0,0.0,212.0,10459.96,172.6,959.0,1881.0,1632.0,1632.0
212,"Хабаровская ул., д.22, к.1",1972.0,Мягкая,панельный,29.0,9.0,4.0,4.0,0.0,4.0,144.0,0.0,144.0,7138.9,0.0,792.0,1156.0,1055.0,1055.0
213,"Хабаровская ул., д.22, к.3",1973.0,Мягкая,панельный,29.0,9.0,4.0,4.0,0.0,4.0,143.0,0.0,143.0,7190.9,0.0,780.0,1142.0,1021.0,1021.0
214,"Хабаровская ул., д.23, к.3",1970.0,Мягкая,блочный,20.0,9.0,4.0,4.0,0.0,4.0,144.0,0.0,144.0,7220.3,0.0,811.0,1167.0,1061.0,1061.0
215,"Хабаровская ул., д.24",1972.0,Мягкая,панельный,25.0,9.0,4.0,4.0,0.0,4.0,139.0,0.0,139.0,6432.82,245.0,670.2,1154.0,1154.0,1154.0
216,"Хабаровская ул., д.25",1971.0,Мягкая,панельный,16.0,9.0,6.0,6.0,0.0,6.0,215.0,0.0,215.0,10668.2,0.0,1087.0,1957.0,1624.0,1624.0
217,"Хабаровская ул., д.27",1973.0,Мягкая,панельный,17.0,9.0,4.0,4.0,0.0,4.0,142.0,0.0,142.0,6130.8,0.0,796.0,1009.0,917.0,917.0
218,"Хабаровская ул., д.29/25",1990.0,Мягкая,панельный,14.0,14.0,2.0,4.0,2.0,2.0,0.0,110.0,110.0,4970.7,39.4,755.3,619.0,496.0,496.0
219,"Черницынский пр., д.4",1967.0,Мягкая,кирпич,26.0,9.0,4.0,4.0,0.0,4.0,144.0,0.0,144.0,6187.7,0.0,832.0,1066.0,969.0,969.0
220,"Черницынский пр., д.6, к.1",1968.0,Мягкая,кирпич,28.0,9.0,5.0,5.0,0.0,5.0,180.0,0.0,180.0,7865.2,0.0,967.0,1377.0,1229.0,1229.0
221,"Черницынский пр., д.6, к.2",1968.0,Мягкая,блочный,29.0,12.0,1.0,2.0,1.0,1.0,84.0,0.0,84.0,3587.7,0.0,500.0,466.0,422.0,422.0
222,"Черницынский пр., д.8",1969.0,Мягкая,кирпич,26.0,9.0,5.0,5.0,0.0,5.0,180.0,0.0,180.0,7905.1,0.0,966.0,1360.0,1236.0,1236.0
223,"Черницынский пр., д.8 стр.1",1969.0,Мягкая,панельный,22.0,3.0,3.0,0.0,0.0,0.0,0.0,34.0,34.0,1950.4,0.0,109.0,1023.0,0.0,0.0
224,"Черницынский пр., д.10, к.1",1968.0,Мягкая,блочный,34.0,12.0,1.0,2.0,1.0,1.0,84.0,0.0,84.0,3639.8,0.0,503.0,482.0,423.4,423.4
225,"Черницынский пр., д.10, к.2",1969.0,Мягкая,кирпич,28.0,9.0,8.0,8.0,0.0,8.0,287.0,0.0,287.0,12350.1,0.0,1726.0,2146.0,1947.0,1947.0
226,"Черницынский пр., д.12, к.1",1970.0,Мягкая,блочный,39.0,12.0,1.0,2.0,1.0,1.0,84.0,0.0,84.0,3625.1,0.0,507.0,498.0,428.0,428.0
227,"Чусовская ул., д.2",1970.0,Мягкая,панельный,26.0,9.0,7.0,7.0,0.0,7.0,251.0,0.0,251.0,12612.87,560.5,1590.0,2976.0,1843.3,0.0
228,"Чусовская ул., д.4, к.1",1966.0,Мягкая,панельный,20.0,5.0,6.0,0.0,0.0,0.0,119.0,0.0,119.0,5168.8,0.0,610.0,1460.0,1328.0,1328.0
229,"Чусовская ул., д.4, к.2",1966.0,Мягкая,панельный,20.0,5.0,6.0,0.0,0.0,0.0,119.0,0.0,119.0,5142.2,0.0,607.0,1452.0,1320.0,1320.0
230,"Чусовская ул., д.4, к.3",1930.0,Штучные материалы,кирпич,45.0,2.0,2.0,0.0,0.0,0.0,0.0,16.0,16.0,608.65,0.0,92.0,538.0,430.5,430.5
231,"Чусовская ул., д.5",1971.0,Мягкая,кирпич,29.0,14.0,1.0,2.0,1.0,1.0,112.0,0.0,112.0,5456.6,22.6,857.0,650.0,586.0,586.0
232,"Чусовская ул., д.6, к.1",1968.0,Мягкая,панельный,20.0,12.0,1.0,2.0,1.0,1.0,84.0,0.0,84.0,3683.1,0.0,518.0,468.0,423.8,423.8
233,"Чусовская ул., д.6, к.3",1984.0,Мягкая,панельный,16.0,16.0,1.0,2.0,1.0,1.0,0.0,108.0,108.0,5112.4,155.9,923.0,585.0,514.8,514.8
234,"Чусовская ул., д.7",1970.0,Мягкая,кирпич,30.0,14.0,1.0,2.0,1.0,1.0,112.0,0.0,112.0,5458.5,21.2,951.0,650.0,649.4,649.4
235,"Чусовская ул., д.8",1968.0,Мягкая,блочный,34.0,12.0,1.0,2.0,1.0,1.0,80.0,0.0,81.0,3472.4,1718.0,492.0,1506.0,858.4,420.6
236,"Чусовская ул., д.10, к.1",1967.0,Мягкая,панельный,20.0,5.0,5.0,0.0,0.0,0.0,100.0,0.0,100.0,4449.6,0.0,446.0,1261.0,1146.0,1146.0
237,"Чусовская ул., д.10, к.2",1967.0,Мягкая,панельный,20.0,5.0,5.0,0.0,0.0,0.0,100.0,0.0,100.0,4427.14,0.0,479.0,1255.0,1141.1,1141.1
238,"Чусовская ул., д.11, к.1",1967.0,Мягкая,панельный,22.0,9.0,8.0,8.0,0.0,8.0,283.0,0.0,283.0,13942.6,192.3,1584.0,2352.0,2068.5,2068.5
239,"Чусовская ул., д.11, к.2",1965.0,Штучные материалы,панельный,32.0,5.0,6.0,0.0,0.0,0.0,120.0,0.0,120.0,5104.6,0.0,547.0,1454.0,1321.8,1321.8
240,"Чусовская ул., д.11, к.5",1965.0,Мягкая,панельный,32.2,5.0,6.0,0.0,0.0,0.0,120.0,0.0,120.0,5138.8,0.0,607.0,1451.0,1318.0,1318.0
241,"Чусовская ул., д.11, к.6",1964.0,Мягкая,панельный,0.0,5.0,6.0,0.0,0.0,0.0,120.0,0.0,120.0,5127.9,0.0,547.0,1458.0,1325.0,1325.0
242,"Чусовская ул., д.11, к.7",1964.0,Мягкая,панельный,0.0,5.0,6.0,0.0,0.0,0.0,120.0,0.0,120.0,5126.0,0.0,553.0,1454.0,1321.7,1321.7
243,"Чусовская ул., д.13",1966.0,Мягкая,блочный,41.0,12.0,1.0,2.0,1.0,1.0,81.0,0.0,81.0,3451.9,1863.4,512.0,468.0,422.1,422.1
244,"Щелковское ш., д.9",1968.0,Мягкая,панельный,29.0,9.0,6.0,6.0,0.0,6.0,212.0,0.0,213.0,10450.9,1556.4,1167.0,2676.0,1558.0,1558.0
245,"Щелковское ш., д.11",1967.0,Мягкая,панельный,24.0,9.0,7.0,7.0,0.0,7.0,251.0,0.0,251.0,12528.5,0.0,1466.0,2067.0,1818.0,1818.0
246,"Щелковское ш., д.15",1966.0,Мягкая,панельный,23.0,9.0,7.0,7.0,0.0,7.0,251.0,0.0,251.0,12510.2,0.0,1458.0,2067.0,1854.0,1854.0
247,"Щелковское ш., д.17, к.1",1965.0,Мягкая,блочный,27.0,12.0,1.0,2.0,1.0,1.0,96.0,0.0,96.0,3614.0,0.0,526.0,479.0,429.0,429.0
248,"Щелковское ш., д.19",1966.0,Мягкая,панельный,27.0,9.0,7.0,7.0,0.0,7.0,246.0,0.0,247.0,12213.8,78.5,1457.0,2071.0,1853.0,1853.0
249,"Щелковское ш., д.21, к.1",1965.0,Мягкая,блочный,29.0,12.0,1.0,2.0,1.0,1.0,96.0,0.0,96.0,3606.0,0.0,587.0,477.0,427.0,427.0
250,"Щелковское ш., д.21, к.2",1990.0,Мягкая,блочный,19.0,22.0,1.0,4.0,2.0,2.0,0.0,171.0,171.0,9752.4,1579.7,3133.0,1042.0,427.0,427.0
251,"Щелковское ш., д.25/15",1994.0,Мягкая,панельный,7.0,17.0,3.0,6.0,3.0,3.0,0.0,199.0,199.0,10848.8,229.8,2235.0,1179.0,962.0,962.0
252,"Щелковское ш., д.27",1995.0,Мягкая,панельный,7.0,17.0,3.0,6.0,3.0,3.0,0.0,191.0,191.0,10543.9,675.4,1898.0,1331.0,1041.0,1041.0
253,"Щелковское ш., д.31",1962.0,Мягкая,панельный,33.0,5.0,3.0,0.0,0.0,0.0,60.0,0.0,60.0,2547.5,0.0,276.0,734.0,667.0,667.0
254,"Щелковское ш., д.33",1966.0,Мягкая,панельный,31.0,9.0,1.0,1.0,0.0,1.0,68.0,0.0,68.0,2471.9,975.6,389.0,1023.0,813.0,813.0
255,"Щелковское ш., д.35, к.1",1966.0,Мягкая,кирпич,35.0,5.0,4.0,0.0,0.0,0.0,80.0,0.0,80.0,3279.4,0.0,389.0,1012.0,925.0,925.0
256,"Щелковское ш., д.35, к.2",1965.0,Мягкая,кирпич,36.0,5.0,4.0,0.0,0.0,0.0,79.0,0.0,79.0,3390.8,0.0,389.0,1016.0,924.0,924.0
257,"Щелковское ш., д.37",1964.0,Мягкая,кирпич,33.0,5.0,4.0,0.0,0.0,0.0,78.0,0.0,78.0,3340.5,0.0,354.0,1018.0,926.0,926.0
258,"Щелковское ш., д.39",1964.0,Мягкая,кирпич,32.0,5.0,4.0,0.0,0.0,0.0,80.0,0.0,80.0,3374.7,0.0,354.0,1025.0,926.0,926.0
259,"Щелковское ш., д.41",1966.0,Мягкая,панельный,33.0,5.0,4.0,0.0,0.0,0.0,79.0,0.0,80.0,3506.7,0.0,369.0,989.0,899.0,899.0
260,"Щелковское ш., д.43, к.1",1964.0,Мягкая,кирпич,34.0,5.0,4.0,0.0,0.0,0.0,80.0,0.0,80.0,3376.1,0.0,380.0,1015.0,923.0,923.0
261,"Щелковское ш., д.43, к.2",1965.0,Мягкая,кирпич,32.0,5.0,4.0,0.0,0.0,0.0,79.0,0.0,79.0,3353.3,0.0,367.0,1010.0,918.0,918.0
262,"Щелковское ш., д.45",1965.0,Мягкая,блочный,40.0,9.0,1.0,1.0,0.0,1.0,68.0,0.0,68.0,2431.5,1073.6,343.0,1023.0,793.0,793.0
263,"Щелковское ш., д.47, к.1",1964.0,Мягкая,кирпич,17.0,5.0,4.0,0.0,0.0,0.0,80.0,0.0,80.0,3384.2,0.0,354.0,1015.0,922.6,922.6
264,"Щелковское ш., д.47, к.2",1964.0,Мягкая,кирпич,16.0,5.0,4.0,0.0,0.0,0.0,79.0,0.0,79.0,3386.5,0.0,362.0,1015.0,922.8,922.8
265,"Щелковское ш., д.49",1966.0,Мягкая,блочный,20.0,5.0,4.0,0.0,0.0,0.0,110.0,0.0,110.0,3418.0,0.0,407.0,993.0,903.1,903.1
266,"Щелковское ш., д.51",1966.0,Мягкая,блочный,34.0,5.0,4.0,0.0,0.0,0.0,79.0,0.0,80.0,3477.1,0.0,366.0,992.0,901.6,901.6
267,"Щелковское ш., д.53",1965.0,Мягкая,блочный,36.0,5.0,4.0,0.0,0.0,0.0,110.0,0.0,110.0,3403.5,0.0,420.0,1005.0,913.4,913.4
268,"Щелковское ш., д.55",1964.0,Мягкая,блочный,26.0,5.0,4.0,0.0,0.0,0.0,80.0,0.0,80.0,3427.4,0.0,365.0,1010.0,918.0,918.0
269,"Щелковское ш., д.57, к.1",1965.0,Мягкая,блочный,36.0,9.0,1.0,1.0,0.0,1.0,67.0,0.0,68.0,2400.7,1003.6,357.0,928.0,581.7,581.7
270,"Щелковское ш., д.57, к.2",1965.0,Мягкая,кирпич,14.0,5.0,2.0,0.0,0.0,2.0,0.0,179.0,179.0,3108.2,0.0,790.0,1107.0,1005.9,1005.9
271,"Щелковское ш., д.57, к.3",1967.0,Мягкая,кирпич,27.0,5.0,2.0,0.0,0.0,2.0,0.0,69.0,69.0,3376.2,29.4,631.0,1138.0,1000.9,1000.9
272,"Щелковское ш., д.59",2009.0,Мягкая,панельный,1.4,18.0,2.0,6.0,2.0,2.0,0.0,142.0,142.0,8092.1,0.0,1227.7,822.0,704.0,704.0
273,"Щелковское ш., д.61",2010.0,Мягкая,железобетон,1.4,22.0,5.0,14.0,5.0,5.0,0.0,436.0,436.0,26088.2,15513.5,5869.1,2768.0,2205.4,2205.4
274,"Щелковское ш., д.63",1966.0,Мягкая,блочный,11.0,5.0,4.0,0.0,0.0,0.0,80.0,0.0,80.0,3521.3,0.0,360.0,991.0,900.9,900.9
275,"Щелковское ш., д.69",1965.0,Мягкая,панельный,31.0,9.0,1.0,1.0,0.0,1.0,68.0,0.0,68.0,2384.0,976.8,384.0,959.0,578.1,578.1
276,"Щелковское ш., д.69, к.1",2010.0,Мягкая,блочный,0.7,24.0,2.0,6.0,2.0,2.0,0.0,184.0,184.0,9238.5,6780.7,2176.5,1089.0,688.6,601.2
277,"Щелковское ш., д.71",2021.0,Мягкая,монолит.,0.0,16.0,1.0,3.0,1.0,2.0,0.0,150.0,150.0,5108.3,479.9,1578.6,980.0,699.7,0.0
278,"Щелковское ш., д.77, к.1",1968.0,Мягкая,панельный,22.0,9.0,8.0,8.0,0.0,1.0,284.0,0.0,285.0,14023.2,100.9,1580.0,2352.0,2070.6,2070.6
279,"Щелковское ш., д.77, к.4",1979.0,Мягкая,панельный,16.0,9.0,4.0,4.0,0.0,4.0,141.0,0.0,141.0,6827.6,127.4,766.0,1133.0,1030.2,0.0
280,"Щелковское ш., д.79, к.1",1971.0,Мягкая,блочный,28.0,9.0,14.0,14.0,0.0,14.0,489.0,0.0,489.0,24486.8,3337.3,2623.0,6595.0,3739.0,3739.0
281,"Щелковское ш., д.79, к.2",1967.0,Мягкая,кирпич,17.0,9.0,5.0,5.0,0.0,5.0,180.0,0.0,180.0,7870.1,0.0,988.0,1351.0,1228.4,1228.4
282,"Щелковское ш., д.81",1973.0,Мягкая,блочный,26.6,16.0,1.0,2.0,1.0,1.0,0.0,110.0,110.0,5258.2,867.1,923.0,1552.0,1369.8,1369.8
283,"Щелковское ш., д.85, к.1",1970.0,Мягкая,панельный,33.0,9.0,7.0,7.0,0.0,7.0,250.0,0.0,251.0,12697.7,583.4,1602.0,2287.0,1806.0,0.0
284,"Щелковское ш., д.85, к.2",1969.0,Мягкая,панельный,20.0,5.0,5.0,0.0,0.0,0.0,100.0,0.0,100.0,4493.3,0.0,497.0,468.0,1141.9,1141.9
285,"Щелковское ш., д.85, к.3",1969.0,Мягкая,блочный,26.0,12.0,1.0,2.0,1.0,1.0,84.0,0.0,84.0,3650.9,0.0,481.0,406.0,406.0,406.0
286,"Щелковское ш., д.85, к.4",1969.0,Мягкая,панельный,32.0,5.0,5.0,0.0,0.0,0.0,100.0,0.0,100.0,4495.7,0.0,449.0,1255.0,1141.1,1141.1
287,"Щелковское ш., д.85, к.5",1978.0,Мягкая,блочный,23.1,16.0,1.0,2.0,1.0,1.0,0.0,111.0,111.0,5371.4,0.0,930.0,614.0,489.0,489.0
288,"Щелковское ш., д.89/2",1978.0,Мягкая,панельный,32.0,16.0,1.0,2.0,1.0,1.0,0.0,110.0,110.0,6848.9,962.2,1219.0,1725.0,619.0,676.0
289,"Щелковское ш., д.91, к.1",1977.0,Мягкая,панельный,26.0,9.0,6.0,6.0,0.0,6.0,213.0,0.0,214.0,10410.0,928.9,1240.0,1673.0,1521.0,0.0
290,"Щелковское ш., д.91, к.2",1976.0,Мягкая,панельный,25.0,9.0,4.0,4.0,0.0,4.0,140.0,0.0,141.0,6929.9,438.1,802.0,1159.0,1040.0,0.0
291,"Щелковское ш., д.91, к.3",1976.0,Мягкая,панельный,5.0,9.0,6.0,6.0,0.0,6.0,215.0,0.0,215.0,10140.7,0.0,1251.0,1712.0,1543.0,0.0
292,"Щелковское ш., д.93",2001.0,Мягкая,панельный,7.0,14.0,3.0,6.0,3.0,3.0,0.0,138.0,138.0,7370.8,46.8,620.0,936.0,771.0,771.0
293,"Щелковское ш., д.95",1992.0,Мягкая,панельный,11.0,22.0,2.0,6.0,2.0,2.0,0.0,168.0,168.0,9786.3,416.8,2001.5,759.0,690.0,690.0
294,"Щелковское ш., д.97",1996.0,Мягкая,панельный,9.0,22.0,2.0,6.0,2.0,2.0,0.0,167.0,167.0,9830.0,426.5,1990.2,882.0,728.0,728.0
Итого,,579950.0,Мягкая,кирпич,7192.2,2796.0,1243.0,979.0,181.0,1216.0,33240.0,10923.0,44549.0,2085272.19,130382.5,281426.5,404639.8,327910.1,313125.7
